"fold","auc"
1,0.995833333333333
2,0.952569169960474
3,0.986111111111111
4,0.953703703703704
5,0.966942148760331
