"fold","auc"
1,1
2,0.952569169960474
3,0.986111111111111
4,0.962962962962963
5,0.987603305785124
